date,prediction,actual,model_used,feature_config,regime,drift_type,activated,n_features
2023-01-03,0.0005354381751335163,-0.0531652664898011,ridge,minimal,stable,none,False,5
2023-01-04,0.0018117023667864052,0.0113948637120253,ridge,full,transitioning,policy_shift,True,16
2023-01-05,0.0003185359164606013,0.0013573839637102,ridge,minimal,stable,none,False,5
2023-01-06,0.00025957474692662905,0.0116578643010198,ridge,minimal,stable,none,False,5
2023-01-09,0.0001999341147387644,0.0065657980865276,ridge,minimal,stable,none,False,5
2023-01-10,0.00029294741642585837,0.0304845691134048,ridge,minimal,stable,none,False,5
2023-01-11,0.00044775771824407393,0.0126598072752546,ridge,minimal,stable,none,False,5
2023-01-12,0.0003154583821779591,0.0187524076049072,ridge,minimal,stable,none,False,5
2023-01-13,0.0003254693954843794,0.0040070084194656,ridge,minimal,stable,none,False,5
2023-01-17,0.0003703693410661042,-0.0087303186028673,ridge,minimal,stable,none,False,5
2023-01-18,0.00024616463624321024,0.010694494693261,ridge,minimal,stable,none,False,5
2023-01-19,0.0002057780281522499,0.0121996228706695,ridge,minimal,stable,none,False,5
2023-01-20,0.00019522959116386124,0.0038126330992063,ridge,minimal,stable,none,False,5
2023-01-23,0.00020498264721073483,-0.0182553962634662,ridge,minimal,stable,none,False,5
2023-01-24,0.0002246614502648943,0.0002496477367603,ridge,minimal,stable,none,False,5
2023-01-25,0.00032153820104470395,0.0107298888830824,ridge,minimal,stable,none,False,5
2023-01-26,0.00024750923145701515,-0.0164177483765287,ridge,minimal,stable,none,False,5
2023-01-27,9.081761365786116e-05,-0.0223393420240894,ridge,minimal,stable,none,False,5
2023-01-30,4.718962850109746e-05,0.0124518767869457,ridge,minimal,stable,none,False,5
2023-01-31,9.991418062401503e-05,-0.0311905540611796,ridge,minimal,stable,none,False,5
2023-02-01,-0.00010456838934579481,-0.0069363484267731,ridge,minimal,stable,none,False,5
2023-02-02,-0.0001315424671690025,-0.0328149440418881,ridge,minimal,stable,none,False,5
2023-02-03,-0.00024862407042778375,0.0098106176139944,ridge,minimal,stable,none,False,5
2023-02-06,-0.0003022442469894059,0.0408851538839907,ridge,minimal,stable,none,False,5
2023-02-07,-0.0002496516554725938,0.0172414031835363,ridge,minimal,stable,none,False,5
2023-02-08,-0.0001312338587151214,-0.0052249733112174,ridge,minimal,stable,none,False,5
2023-02-09,-6.970052710445634e-05,0.0212657406357632,ridge,minimal,stable,none,False,5
2023-02-10,2.029768529105219e-05,0.0052684164891387,ridge,minimal,stable,none,False,5
2023-02-13,6.582534616620073e-06,-0.0134764392223615,ridge,minimal,stable,none,False,5
2023-02-14,-0.00020090289326286793,-0.0059448676349224,ridge,minimal,stable,none,False,5
2023-02-15,-0.00031168518963999606,-0.0012724071609719,ridge,minimal,stable,none,False,5
2023-02-16,-0.00016430082558220282,-0.0273920446476573,ridge,minimal,stable,none,False,5
2023-02-17,-0.00036120870648183616,-0.0023577768458957,ridge,minimal,stable,none,False,5
2023-02-21,-0.00027125664712533503,-0.0290179439023149,ridge,minimal,stable,none,False,5
2023-02-22,-0.0003454862628749812,0.0194726504507378,ridge,minimal,stable,none,False,5
2023-02-23,-0.0003320899594081743,0.0123358577093115,ridge,minimal,stable,none,False,5
2023-02-24,-0.0002802290109549371,-0.0083857362710634,ridge,minimal,stable,none,False,5
2023-02-27,-0.00033594177914397425,0.0181025732169339,ridge,minimal,stable,none,False,5
2023-02-28,-0.0002140557610783171,0.008306286363396,ridge,minimal,stable,none,False,5
2023-03-01,-0.00035492851303174986,0.0060497001664738,ridge,minimal,stable,none,False,5
2023-03-02,-0.0006737664281814807,0.0194472437544583,ridge,minimal,stable,none,False,5
2023-03-03,-0.0008639067420748195,0.0097891412689441,ridge,minimal,stable,none,False,5
2023-03-06,-0.0007164362079275273,-0.0357941497164863,ridge,minimal,stable,none,False,5
2023-03-07,-0.0011651244071300632,-0.0118587025938563,ridge,minimal,stable,none,False,5
2023-03-08,-0.0013249172135498233,-0.0122619670819408,ridge,minimal,stable,none,False,5
2023-03-09,-0.001510127583833997,0.0126782761357138,ridge,minimal,stable,none,False,5
2023-03-10,-0.0009893774278273298,-0.0245174393053708,ridge,minimal,stable,none,False,5
2023-03-13,-0.000993405545759186,-0.0463903887584343,ridge,minimal,stable,none,False,5
2023-03-14,-0.0012759908117025093,-0.0521519854929201,ridge,minimal,stable,none,False,5
2023-03-15,-0.0012547422678205974,0.010945094765407,ridge,minimal,stable,none,False,5
2023-03-16,-0.000954513091647022,-0.0235552398872568,ridge,minimal,stable,none,False,5
2023-03-17,-0.001005528959626591,0.0134851896117227,ridge,minimal,stable,none,False,5
2023-03-20,-0.001280060246660898,0.024985252168185,ridge,minimal,stable,none,False,5
2023-03-21,-0.0012516261149130164,0.0226453144866494,ridge,minimal,stable,none,False,5
2023-03-22,-0.0014428334018584976,-0.0132581441632712,ridge,minimal,stable,none,False,5
2023-03-23,-0.0014964316539426048,-0.0100056740623593,ridge,minimal,stable,none,False,5
2023-03-24,-0.0016356671459745165,0.0512560686235707,ridge,minimal,stable,none,False,5
2023-03-27,-0.007249806856906179,0.0053563988837466,ridge,full,transitioning,geopolitical_escalation,True,16
2023-03-28,-0.006551989732909713,-0.0031420182667724,ridge,full,transitioning,geopolitical_escalation,True,16
2023-03-29,-0.005552677489645563,0.0191859874257709,ridge,full,transitioning,geopolitical_escalation,True,16
2023-03-30,-0.004730815860740542,0.0174801045361401,ridge,full,transitioning,policy_shift,True,16
2023-03-31,-0.003978464805854082,0.0627725666042025,ridge,full,transitioning,policy_shift,True,16
2023-04-03,0.0011820594434149693,0.0036060796086827,ridge,full,transitioning,policy_shift,True,16
2023-04-04,0.0016312013642028967,-0.0012389849492679,ridge,full,transitioning,geopolitical_escalation,True,16
2023-04-05,0.001056492825700037,0.0011164413498225,ridge,full,transitioning,geopolitical_escalation,True,16
2023-04-06,0.0007820382001488581,-0.0118958998857008,ridge,full,transitioning,geopolitical_escalation,True,16
2023-04-10,0.0010305966440022248,0.0224479679393199,ridge,full,transitioning,geopolitical_escalation,True,16
2023-04-11,0.0013463228834533145,0.0212192246146936,ridge,full,transitioning,geopolitical_escalation,True,16
2023-04-12,0.000722820119798271,-0.0132116075654342,ridge,full,transitioning,policy_shift,True,16
2023-04-13,-0.00020421752164413379,0.0043816086284214,ridge,minimal,stable,none,False,5
2023-04-14,-0.0004465639176593958,-0.0204798216282249,ridge,minimal,stable,none,False,5
2023-04-17,-0.0006672899576264897,0.0003711342152332,ridge,minimal,stable,none,False,5
2023-04-18,-0.0007696281283195892,-0.021023954185137,ridge,minimal,stable,none,False,5
2023-04-19,-0.0009042785403685436,-0.0236230755441099,ridge,minimal,stable,none,False,5
2023-04-20,-0.0007858475616344068,0.0075042285442405,ridge,minimal,stable,none,False,5
2023-04-21,-0.000762619622187628,0.0114292970111331,ridge,minimal,stable,none,False,5
2023-04-24,-0.0007584116465159589,-0.0214576231026895,ridge,minimal,stable,none,False,5
2023-04-25,-0.0007839864551022599,-0.0359413086030209,ridge,minimal,stable,none,False,5
2023-04-26,-0.000781578327670545,0.0061911045165397,ridge,minimal,stable,none,False,5
2023-04-27,-0.0008791515758833673,0.0270197510078382,ridge,minimal,stable,none,False,5
2023-04-28,-0.0007927949067314059,-0.0145870687027087,ridge,minimal,stable,none,False,5
2023-05-01,-0.0009917306154473924,-0.0528680915462763,ridge,minimal,stable,none,False,5
2023-05-02,-0.0011648993405072921,-0.0427017168798482,ridge,minimal,stable,none,False,5
2023-05-03,-0.0013385397651076837,-0.0005831037378584,ridge,minimal,stable,none,False,5
2023-05-04,-0.0012422117050819997,0.0405484083764879,ridge,minimal,stable,none,False,5
2023-05-05,-0.0013012553607178329,0.0255117384026566,ridge,minimal,stable,none,False,5
2023-05-08,-0.0012219270331041419,0.0075177063263069,ridge,minimal,stable,none,True,5
2023-05-09,-0.0012458166267556787,-0.0156017031632437,ridge,minimal,stable,none,False,5
2023-05-10,-0.0010631511088336281,-0.0232909987441359,ridge,minimal,stable,none,False,5
2023-05-11,-0.0010258082728046574,-0.0117116099744291,ridge,minimal,stable,none,False,5
2023-05-12,-0.001310890667793822,0.0152769800233827,ridge,minimal,stable,none,False,5
2023-05-15,-0.0012649863420045454,-0.0035156799023231,ridge,minimal,stable,none,False,5
2023-05-16,-0.001446572695998485,0.0278013153222487,ridge,minimal,stable,none,False,5
2023-05-17,-0.0001651803388881476,-0.0133187037802533,ridge,full,transitioning,geopolitical_escalation,True,16
2023-05-18,-0.0014563093945159477,-0.004313909768449,ridge,minimal,stable,none,False,5
2023-05-19,-0.0013741332772737895,0.006149473001328,ridge,minimal,stable,none,False,5
2023-05-22,-0.0014447452058008422,0.0127796336385621,ridge,minimal,stable,none,False,5
2023-05-23,-0.0014300471251817385,0.0196131203395399,ridge,minimal,stable,none,False,5
2023-05-24,-0.0012571712279464244,-0.0337637157718907,ridge,minimal,stable,none,False,5
2023-05-25,-0.0013673122018752883,0.0116942268756488,ridge,minimal,stable,none,False,5
2023-05-26,-0.0013356574562506363,-0.0441722741895487,ridge,minimal,stable,none,False,5
2023-05-30,0.00016001843749266498,-0.0197236217195443,ridge,full,transitioning,demand_shock,True,16
2023-05-31,-0.0017591756270940737,0.0295197862290372,ridge,minimal,stable,none,False,5
2023-06-01,-0.001624864682450626,0.0233951415883963,ridge,minimal,stable,none,False,5
2023-06-02,-0.0015531761510410114,0.0057151334585756,ridge,minimal,stable,none,False,5
2023-06-05,-0.0016009082508248403,-0.0056826563193115,ridge,minimal,stable,none,False,5
2023-06-06,-0.0016791417938397189,0.0110120008231322,ridge,minimal,stable,none,False,5
2023-06-07,-0.00162228387497829,-0.0170963447489189,ridge,minimal,stable,none,False,5
2023-06-08,-0.0017298038454488939,-0.0157105166530877,ridge,minimal,stable,none,False,5
2023-06-09,-0.0018787591067757168,-0.0434658045026584,ridge,minimal,stable,none,False,5
2023-06-12,-0.0020245356699366175,0.0342669149023597,ridge,minimal,stable,none,False,5
2023-06-13,-0.001855003765448959,-0.0165658535899149,ridge,minimal,stable,none,False,5
2023-06-14,-0.001939004280294144,0.0344222384512786,ridge,minimal,stable,none,False,5
2023-06-15,-0.0017376059562664201,0.016425884842818,ridge,minimal,stable,none,False,5
2023-06-16,-0.0015506299214729513,-0.0178322485520305,ridge,minimal,stable,none,False,5
2023-06-20,-0.0017009281336522503,0.0287943089261968,ridge,minimal,stable,none,False,5
2023-06-21,-0.0023164912864337556,-0.0416378973375695,ridge,full,transitioning,geopolitical_escalation,True,16
2023-06-22,-0.0035054531521228754,-0.0050352246204099,ridge,full,transitioning,demand_shock,True,16
2023-06-23,-0.0044271409478472,0.0030364238483653,ridge,full,transitioning,geopolitical_escalation,True,16
2023-06-26,-0.004194323324989445,-0.0240738897537686,ridge,full,transitioning,geopolitical_escalation,True,16
2023-06-27,-0.004552033126838835,0.0274741609187008,ridge,full,transitioning,geopolitical_escalation,True,16
2023-06-28,-0.0014845595496407757,0.0043128674854409,ridge,minimal,stable,none,False,5
2023-06-29,-0.001536679520674654,0.011165169946782,ridge,minimal,stable,none,False,5
2023-06-30,-0.0014327204425218201,-0.0120328210852964,ridge,minimal,stable,none,False,5
2023-07-03,-0.001336139708010288,0.028657400397813,ridge,minimal,stable,none,False,5
2023-07-05,-0.0013141367298735997,0.0001393249213388,ridge,minimal,stable,none,False,5
2023-07-06,-0.0009980985131530248,0.0286907725771095,ridge,minimal,stable,none,False,5
2023-07-07,-0.0008462339644811956,-0.0117790785187199,ridge,minimal,stable,none,False,5
2023-07-10,-0.0010600752677900672,0.0252089878221313,ridge,minimal,stable,none,False,5
2023-07-11,-0.0010356722928836566,0.0122945095073285,ridge,minimal,stable,none,False,5
2023-07-12,-0.0009651670535942107,0.0150494968930485,ridge,minimal,stable,none,False,5
2023-07-13,-0.0005875484886802156,-0.0191182368626865,ridge,minimal,stable,none,False,5
2023-07-14,-0.0006864426420454475,-0.0168389906377555,ridge,minimal,stable,none,False,5
2023-07-17,-0.0007224052665767563,0.0215778616479553,ridge,minimal,stable,none,False,5
2023-07-18,-0.0007139769011995359,-0.0052805481964212,ridge,minimal,stable,none,False,5
2023-07-19,-0.0009388190278773746,0.0037159759119709,ridge,minimal,stable,none,False,5
2023-07-20,-0.000992191769717527,0.0190400964392627,ridge,minimal,stable,none,False,5
2023-07-21,-0.0008294872471888574,0.0216685892767358,ridge,minimal,stable,none,False,5
2023-07-24,-0.0005207751827101013,0.0113030151612176,ridge,minimal,stable,none,False,5
2023-07-25,-0.0004139288641438803,-0.0106743501624899,ridge,minimal,stable,none,False,5
2023-07-26,-0.0005342769021789709,0.0166285552029992,ridge,minimal,stable,none,False,5
2023-07-27,-0.0003963232662067659,0.0061181859853856,ridge,minimal,stable,none,False,5
2023-07-28,-0.00047327993290665455,0.0151402481134339,ridge,minimal,stable,none,False,5
2023-07-31,-0.00038272523526125654,-0.0052567272510211,ridge,minimal,stable,none,False,5
2023-08-01,-0.0004864444589556455,-0.0231043974358409,ridge,minimal,stable,none,False,5
2023-08-02,-0.000385782583509043,0.0259152754226856,ridge,minimal,stable,none,False,5
2023-08-03,-0.00030557158071718753,0.0155732261868877,ridge,minimal,stable,none,False,5
2023-08-04,-8.758909828480966e-05,-0.0106254196650639,ridge,minimal,stable,none,False,5
2023-08-07,-4.257553564960296e-05,0.0119599182125951,ridge,minimal,stable,none,False,5
2023-08-08,-5.850872333833427e-06,0.0178485695805028,ridge,minimal,stable,none,False,5
2023-08-09,0.0025296069853782965,-0.0187204005034316,ridge,full,transitioning,geopolitical_escalation,True,16
2023-08-10,0.0027229363472085974,0.0044675531024562,ridge,full,transitioning,geopolitical_escalation,True,16
2023-08-11,0.0031268868009077175,-0.0081740628106692,ridge,full,transitioning,geopolitical_escalation,True,16
2023-08-14,0.002577645289445013,-0.0184220607575708,ridge,full,transitioning,geopolitical_escalation,True,16
2023-08-15,0.002204827663383164,-0.0198790054675601,ridge,full,transitioning,geopolitical_escalation,True,16
2023-08-16,0.0017922497387251393,0.012723635313391,ridge,full,transitioning,geopolitical_escalation,True,16
2023-08-17,-1.6089121799864704e-05,0.0106978556646475,ridge,minimal,stable,none,False,5
2023-08-18,0.0019146882725031011,-0.0065230618990385,ridge,full,transitioning,geopolitical_escalation,True,16
2023-08-21,-0.00019088422371183307,-0.0045837802401709,ridge,minimal,stable,none,False,5
2023-08-22,-0.00021249463368362703,-0.018170492995627,ridge,minimal,stable,none,False,5
2023-08-23,-0.00025973655225590794,0.0020281868848686,ridge,minimal,stable,none,False,5
2023-08-24,-0.0004149498092207516,0.0098671568524313,ridge,minimal,stable,none,False,5
2023-08-25,-0.0004231507380588034,0.0033821450190845,ridge,minimal,stable,none,False,5
2023-08-28,-0.00031183731711676094,0.0132335231982652,ridge,minimal,stable,none,False,5
2023-08-29,-0.0002823441939931809,0.0057909508391018,ridge,minimal,stable,none,False,5
2023-08-30,-0.0004258972285919183,0.0245007971002504,ridge,minimal,stable,none,False,5
2023-08-31,-0.00011004945613910335,0.0229583386511635,ridge,minimal,stable,none,False,5
2023-09-01,6.996498901785994e-05,0.0133255330097268,ridge,minimal,stable,none,False,5
2023-09-05,0.0002512032013177179,0.0098050346081788,ridge,minimal,stable,none,False,5
2023-09-06,0.00027886792350253185,-0.0076536230516131,ridge,minimal,stable,none,False,5
2023-09-07,0.00024894921604197683,0.0073673232348736,ridge,minimal,stable,none,False,5
2023-09-08,0.0005038333471975987,-0.0025140122881112,ridge,minimal,stable,none,False,5
2023-09-11,0.0004175517570764705,0.017756849651809,ridge,minimal,stable,none,False,5
2023-09-12,0.0003332662180475478,-0.003601977802961,ridge,minimal,stable,none,False,5
2023-09-13,0.0002751268066611791,0.0185269665752005,ridge,minimal,stable,none,False,5
2023-09-14,0.00037044594580672423,0.0067656716524002,ridge,minimal,stable,none,False,5
2023-09-15,0.0003449725525459453,0.007822041865432,ridge,minimal,stable,none,False,5
2023-09-18,0.0005261170123822434,-0.0030608482555349,ridge,minimal,stable,none,False,5
2023-09-19,0.0005126090353602022,-0.0100876995584487,ridge,minimal,stable,none,False,5
2023-09-20,0.0004461107112317097,-0.0071998397725716,ridge,minimal,stable,none,False,5
2023-09-21,0.00047454779399965674,0.004462808637023,ridge,minimal,stable,none,False,5
2023-09-22,0.0005652428837070255,-0.0038875761286978,ridge,minimal,stable,none,False,5
2023-09-25,0.0005217073152020861,0.0079170281228431,ridge,minimal,stable,none,False,5
2023-09-26,0.000781031672284221,0.0363978419929507,ridge,minimal,stable,none,False,5
2023-09-27,0.0010283433587366206,-0.0210290479748672,ridge,minimal,stable,none,False,5
2023-09-28,0.0008504184506983038,-0.0100316015497712,ridge,minimal,stable,none,False,5
2023-09-29,0.0006248113267326404,-0.0216984381632074,ridge,minimal,stable,none,False,5
2023-10-02,0.0005896478637023141,0.0046161187065763,ridge,minimal,stable,none,False,5
2023-10-03,0.000687497524059097,-0.0561470575787126,ridge,minimal,stable,none,False,5
2023-10-04,0.0002554234706801031,-0.0226787418003486,ridge,minimal,stable,none,False,5
2023-10-05,3.279857036957318e-05,0.0058316531547932,ridge,minimal,stable,none,False,5
2023-10-06,4.789081290782238e-06,0.043362680253544,ridge,minimal,stable,none,False,5
2023-10-09,0.00014245369371639603,-0.004746423312703,ridge,minimal,stable,none,False,5
2023-10-10,-7.036472331432352e-05,-0.0288473109424169,ridge,minimal,stable,none,False,5
2023-10-11,0.00027874733263400474,-0.006946870481498,ridge,full,transitioning,geopolitical_escalation,True,16
2023-10-12,1.705103515672532e-05,0.0576528593434544,ridge,full,transitioning,geopolitical_escalation,True,16
2023-10-13,0.00047938226731635697,-0.0117459088906413,ridge,full,transitioning,geopolitical_escalation,True,16
2023-10-16,0.0007481491982400303,0.0,ridge,full,transitioning,geopolitical_escalation,True,16
2023-10-17,0.0006814809430350163,0.0191552730506132,ridge,full,transitioning,geopolitical_escalation,True,16
2023-10-18,0.0007357522921712344,0.0118886215510183,ridge,full,transitioning,geopolitical_escalation,True,16
2023-10-19,0.0003483321809767438,-0.0069374815657118,ridge,full,transitioning,geopolitical_escalation,True,16
2023-10-20,-0.00044557330618685484,-0.0367324184363996,ridge,full,transitioning,geopolitical_escalation,True,16
2023-10-23,-0.0008241345091522419,-0.0204702309478199,ridge,full,transitioning,geopolitical_escalation,True,16
2023-10-24,-0.00019043232945857927,0.0197038639595283,ridge,full,transitioning,geopolitical_escalation,True,16
2023-10-25,-0.00036491256778696524,-0.0255299252928681,ridge,full,transitioning,geopolitical_escalation,True,16
2023-10-26,-0.000993610948702402,0.028001464447672,ridge,full,transitioning,geopolitical_escalation,True,16
2023-10-27,-0.0014536955790074731,-0.037760151068075,ridge,full,transitioning,geopolitical_escalation,True,16
2023-10-30,-0.0015716911759104113,-0.0156724693693379,ridge,full,transitioning,policy_shift,True,16
2023-10-31,-0.0007766628511464988,-0.0071586549702701,ridge,full,transitioning,geopolitical_escalation,True,16
2023-11-01,-6.445485732850531e-05,0.0251118421402063,ridge,full,transitioning,geopolitical_escalation,True,16
2023-11-02,0.0007136312533550532,-0.0236477925041521,ridge,full,transitioning,geopolitical_escalation,True,16
2023-11-03,0.0006633263923714883,0.0038504229334039,ridge,full,transitioning,geopolitical_escalation,True,16
2023-11-06,-0.0001094742427017404,-0.042687416001848,ridge,minimal,stable,none,False,5
2023-11-07,-0.0009443931445932835,-0.026366819737737,ridge,full,transitioning,demand_shock,True,16
2023-11-08,-0.0014270194882619602,0.0054426659066644,ridge,full,transitioning,geopolitical_escalation,True,16
2023-11-09,-0.0015720096922718502,0.0188803848099898,ridge,full,transitioning,geopolitical_escalation,True,16
2023-11-10,-0.0001857179785827673,0.0141247115867342,ridge,minimal,stable,none,False,5
2023-11-13,-0.00016834666048538317,0.0,ridge,minimal,stable,none,False,5
2023-11-14,-0.0002779967384550859,-0.0204446515518349,ridge,minimal,stable,none,False,5
2023-11-15,-0.00022249978292639044,-0.0490477688052722,ridge,minimal,stable,none,False,5
2023-11-16,-0.00046402031722981343,0.041015059001173,ridge,minimal,stable,none,False,5
2023-11-17,0.00033056710417203594,0.0225326011098361,ridge,full,transitioning,geopolitical_escalation,True,16
2023-11-20,0.0004152197748822223,0.0021906980964954,ridge,full,transitioning,geopolitical_escalation,True,16
2023-11-21,0.00010473927735782722,-0.0086151240563933,ridge,minimal,stable,none,True,5
2023-11-22,9.50630702410249e-05,-0.0202334317700066,ridge,minimal,stable,none,True,5
2023-11-24,-3.9183568569386926e-05,-0.0090018572535655,ridge,minimal,stable,none,False,5
2023-11-27,7.08741941522905e-05,0.020705357188355,ridge,minimal,stable,none,False,5
2023-11-28,0.00023970591160244012,0.0189765328981552,ridge,minimal,stable,none,False,5
2023-11-29,0.00026200236534661245,-0.0244027936165505,ridge,minimal,stable,none,False,5
2023-11-30,0.00011003585958626558,-0.0248815088523978,ridge,minimal,stable,none,False,5
2023-12-01,-0.00010711854906507037,-0.0139057483939594,ridge,minimal,stable,none,False,5
2023-12-04,-0.00018224332420516798,-0.0098576288564923,ridge,minimal,stable,none,False,5
2023-12-05,-0.00016395478891882137,-0.0406526887971856,ridge,minimal,stable,none,False,5
2023-12-06,-0.00017839883546609913,-0.0005765482431663,ridge,minimal,stable,none,False,5
2023-12-07,-4.003531877561409e-05,0.0272570971857721,ridge,minimal,stable,none,False,5
2023-12-08,-0.0018150882233126386,0.001263461092928,ridge,full,transitioning,geopolitical_escalation,True,16
2023-12-11,-0.0016292222088012814,-0.0379977439157129,ridge,full,transitioning,geopolitical_escalation,True,16
2023-12-12,-0.002316733235157069,0.0125346247296462,ridge,full,transitioning,geopolitical_escalation,True,16
2023-12-13,2.919282378575759e-05,0.0303728310533375,ridge,minimal,stable,none,False,5
2023-12-14,0.0006548728731147757,-0.0020955786817796,ridge,full,transitioning,geopolitical_escalation,True,16
2023-12-15,-9.378059186323584e-05,0.0145597215607458,ridge,minimal,stable,none,False,5
2023-12-18,2.9504127031023505e-05,0.0133848655217907,ridge,minimal,stable,none,False,5
2023-12-19,0.00018278085261748286,0.0106208980578288,ridge,minimal,stable,none,False,5
2023-12-20,0.00017006532979401155,-0.0044462655029253,ridge,minimal,stable,none,False,5
2023-12-21,0.00010745772044587589,-0.0044661230718715,ridge,minimal,stable,none,False,5
2023-12-22,-0.00027321014647761765,0.0273246629002321,ridge,full,transitioning,geopolitical_escalation,True,16
2023-12-26,-0.0006029908135362361,-0.0193198238767844,ridge,full,transitioning,geopolitical_escalation,True,16
2023-12-27,-0.0012339423265648047,-0.0315747395495003,ridge,full,transitioning,geopolitical_escalation,True,16
2023-12-28,-0.0031957723095901586,-0.0016719398467338,ridge,full,transitioning,geopolitical_escalation,True,16
2023-12-29,-0.003941339675448061,-0.0177251115898753,ridge,full,transitioning,geopolitical_escalation,True,16
2024-01-02,-0.0047508158714947915,0.0329639071520644,ridge,full,transitioning,geopolitical_escalation,True,16
2024-01-03,-0.003269513644835839,-0.007015055409136,ridge,full,transitioning,geopolitical_escalation,True,16
2024-01-04,-0.002989727103026897,0.0224407128743677,ridge,full,transitioning,geopolitical_escalation,True,16
2024-01-05,-0.0012327597070533047,-0.041186844818875,ridge,full,transitioning,geopolitical_escalation,True,16
2024-01-08,-0.0020182533336256525,0.0207715315872796,ridge,full,transitioning,geopolitical_escalation,True,16
2024-01-09,-0.0010984013805124815,-0.0120431221333663,ridge,full,transitioning,geopolitical_escalation,True,16
2024-01-10,-0.0002844284131852462,0.009107382254031,ridge,full,transitioning,geopolitical_escalation,True,16
2024-01-11,5.140558111246126e-05,0.0091641723531366,ridge,minimal,stable,none,False,5
2024-01-12,-2.594407281041704e-05,-0.0038524873159216,ridge,minimal,stable,none,False,5
2024-01-16,-9.480710017793436e-05,0.00220988990805,ridge,minimal,stable,none,False,5
2024-01-17,-0.00015969963531521373,0.0209482404024821,ridge,minimal,stable,none,False,5
2024-01-18,-8.878604156711614e-05,-0.0090442515170733,ridge,minimal,stable,none,False,5
2024-01-19,-9.452991823853816e-05,0.0242473599032881,ridge,minimal,stable,none,False,5
2024-01-22,-4.0124095493659405e-05,-0.0109057011331157,ridge,minimal,stable,none,False,5
2024-01-23,-0.0001305093321286111,0.0096812365835454,ridge,minimal,stable,none,False,5
2024-01-24,-0.0001097671472190226,0.0302304485706239,ridge,minimal,stable,none,False,5
2024-01-25,8.724817502683014e-05,0.0084022947356585,ridge,minimal,stable,none,False,5
2024-01-26,0.00011454189195118769,-0.0157672519324587,ridge,minimal,stable,none,False,5
2024-01-29,8.802095761922695e-06,0.0135452062003389,ridge,minimal,stable,none,False,5
2024-01-30,0.0001331927851828335,-0.0253148448782909,ridge,minimal,stable,none,False,5
2024-01-31,0.00012197864479825635,-0.0267633331593207,ridge,minimal,stable,none,False,5
2024-02-01,-3.613268872868359e-05,-0.0208615676225113,ridge,minimal,stable,none,False,5
2024-02-02,1.0718496682077463e-05,0.0069175430055929,ridge,minimal,stable,none,False,5
2024-02-05,6.501295888656407e-05,0.0072822037398501,ridge,minimal,stable,none,False,5
2024-02-06,0.00021998845463983734,0.0075024290011498,ridge,minimal,stable,none,False,5
2024-02-07,0.00020820852023696064,0.0319523502687435,ridge,minimal,stable,none,False,5
2024-02-08,0.00017509670972826354,0.0081342837478084,ridge,minimal,stable,none,False,5
2024-02-09,0.0001368645710685671,0.0010411482934342,ridge,minimal,stable,none,False,5
2024-02-12,0.00015822472277779735,0.0123505538254193,ridge,minimal,stable,none,False,5
2024-02-13,0.0001290497048455744,-0.015795599249386,ridge,minimal,stable,none,False,5
2024-02-14,4.280591614192567e-05,0.0181367353955925,ridge,minimal,stable,none,False,5
2024-02-15,0.00016778867644351198,0.0148661243144496,ridge,minimal,stable,none,False,5
2024-02-16,0.0002536672966832047,-0.0127541622059903,ridge,minimal,stable,none,False,5
2024-02-20,0.0002032000561778652,-0.0034535257356417,ridge,minimal,stable,none,False,5
2024-02-21,0.0003016391058255408,0.0089846863732419,ridge,minimal,stable,none,False,5
2024-02-22,0.0003498503078142483,-0.0269686137911423,ridge,minimal,stable,none,False,5
2024-02-23,0.0003557260090622168,0.0142502810527787,ridge,minimal,stable,none,False,5
2024-02-26,0.00033510373409789056,0.0166280083150367,ridge,minimal,stable,none,False,5
2024-02-27,0.00035425709025013063,-0.0041841234888125,ridge,minimal,stable,none,False,5
2024-02-28,0.0003643271406341842,-0.0035650468045961,ridge,minimal,stable,none,False,5
2024-02-29,0.0002805649812809513,0.0218502304855037,ridge,minimal,stable,none,False,5
2024-03-01,0.0003372112140831439,-0.0153808095305513,ridge,minimal,stable,none,False,5
2024-03-04,0.0002504032694653771,-0.0074929686804334,ridge,minimal,stable,none,False,5
2024-03-05,0.00014190789608428556,0.0125399322892469,ridge,minimal,stable,none,False,5
2024-03-06,0.0001582197001033746,-0.0025274479361054,ridge,minimal,stable,none,False,5
2024-03-07,0.0002862042398905301,-0.0116558743872826,ridge,minimal,stable,none,False,5
2024-03-08,0.0002860777543650521,-0.0010255329940253,ridge,minimal,stable,none,False,5
2024-03-11,0.00033361721745385194,-0.0047478858608122,ridge,minimal,stable,none,False,5
2024-03-12,0.00026421806172998504,0.0278494550038834,ridge,minimal,stable,none,False,5
2024-03-13,0.00047112050858162457,0.0193176228292306,ridge,minimal,stable,none,False,5
2024-03-14,0.0007303298729502231,-0.0027073740452812,ridge,minimal,stable,none,False,5
2024-03-15,0.0009227217020905347,0.0207305069866292,ridge,minimal,stable,none,False,5
2024-03-18,0.0009650228440334922,0.009066731007401,ridge,minimal,stable,none,False,5
2024-03-19,0.0010950958977674044,-0.021444841132737,ridge,minimal,stable,none,False,5
2024-03-20,0.0009547723787866491,-0.0074681759068616,ridge,minimal,stable,none,False,5
2024-03-21,0.0008305106017540919,-0.0054274385477065,ridge,minimal,stable,none,False,5
2024-03-22,0.0007206307432557117,0.0163710745353926,ridge,minimal,stable,none,False,5
2024-03-25,0.0008359746954226992,-0.0040267750329334,ridge,minimal,stable,none,False,5
2024-03-26,0.000857830289480639,-0.0033080649764158,ridge,minimal,stable,none,False,5
2024-03-27,0.0006398040648359178,0.0223724613271283,ridge,minimal,stable,none,False,5
2024-03-28,0.0007109235718114821,0.0064927368933016,ridge,minimal,stable,none,False,5
2024-04-01,0.0007464447730094649,0.017202275201952,ridge,minimal,stable,none,False,5
2024-04-02,0.000737255423373716,0.0032883003438559,ridge,minimal,stable,none,False,5
2024-04-03,0.0006820632053527299,0.0135783217671903,ridge,minimal,stable,none,False,5
2024-04-04,0.0004849896750654061,0.0036956615977903,ridge,minimal,stable,none,False,5
2024-04-05,0.000487859817165939,-0.0055229931734873,ridge,minimal,stable,none,False,5
2024-04-08,0.0004696729736343476,-0.0138840326738992,ridge,minimal,stable,none,False,5
2024-04-09,0.00041346661626669694,0.0114982481396246,ridge,minimal,stable,none,False,5
2024-04-10,0.000506935161175259,-0.0138035315397722,ridge,minimal,stable,none,False,5
2024-04-11,0.0003622842332380565,0.0075277234099393,ridge,minimal,stable,none,False,5
2024-04-12,0.000306889019571617,-0.0029185149347662,ridge,minimal,stable,none,False,5
2024-04-15,0.0003495279367153419,-0.0005854472498986,ridge,minimal,stable,none,False,5
2024-04-16,0.0003272882273728905,-0.0312792660479611,ridge,minimal,stable,none,False,5
2024-04-17,0.0002861483534653089,0.0004837454873178,ridge,minimal,stable,none,False,5
2024-04-18,-0.004221994546380101,0.0049558324196596,ridge,full,transitioning,geopolitical_escalation,True,16
2024-04-19,-0.005118330670238445,-0.003488103411791,ridge,full,transitioning,geopolitical_escalation,True,16
2024-04-22,-0.003275959568030777,0.0061557289755385,ridge,full,transitioning,geopolitical_escalation,True,16
2024-04-23,-0.0018536902339569422,-0.0065979252366933,ridge,full,transitioning,geopolitical_escalation,True,16
2024-04-24,0.0003916065401604027,0.0091776616186072,ridge,minimal,stable,none,False,5
2024-04-25,0.0005122021720334109,0.0033504700289501,ridge,minimal,stable,none,False,5
2024-04-26,0.0006701377370101655,-0.0145498061169274,ridge,minimal,stable,none,False,5
2024-04-29,0.0005851049245804819,-0.0084714628041844,ridge,minimal,stable,none,False,5
2024-04-30,0.00044675174126151485,-0.0357622396467961,ridge,minimal,stable,none,False,5
2024-05-01,-0.0022742242890703215,-0.0006329500222508,ridge,full,transitioning,geopolitical_escalation,True,16
2024-05-02,-0.0019531348286539463,-0.0106395993712489,ridge,full,transitioning,geopolitical_escalation,True,16
2024-05-03,-0.0017812235867926407,0.0047369446126082,ridge,full,transitioning,geopolitical_escalation,True,16
2024-05-06,-0.001191250169553626,-0.0012742877069052,ridge,full,transitioning,geopolitical_escalation,True,16
2024-05-07,0.0005529081230008297,0.0077826056612289,ridge,minimal,stable,none,False,5
2024-05-08,0.0004800468942117621,0.0034182083778075,ridge,minimal,stable,none,False,5
2024-05-09,0.0004655513958250491,-0.0126167041767324,ridge,minimal,stable,none,False,5
2024-05-10,0.00047624916718420576,0.0109890184880716,ridge,minimal,stable,none,False,5
2024-05-13,0.0006124694019114399,-0.0139030089146848,ridge,minimal,stable,none,False,5
2024-05-14,0.0006047789342725899,0.0078185162342707,ridge,minimal,stable,none,False,5
2024-05-15,0.0005722482075938012,0.0076307532045545,ridge,minimal,stable,none,False,5
2024-05-16,0.0006200499207449151,0.0104757562349329,ridge,minimal,stable,none,False,5
2024-05-17,0.0005486152019629851,-0.0032474958126954,ridge,minimal,stable,none,False,5
2024-05-20,0.0005895019030356877,-0.006766928507222,ridge,minimal,stable,none,False,5
2024-05-21,0.0005800224544456834,-0.0213222608611782,ridge,minimal,stable,none,False,5
2024-05-22,0.00047223914769826313,-0.0090240679514775,ridge,minimal,stable,none,False,5
2024-05-23,0.00038572390903685326,0.0110576095193244,ridge,minimal,stable,none,False,5
2024-05-24,0.0003520077616825855,0.0271487464901054,ridge,minimal,stable,none,False,5
2024-05-28,0.0005930109664428242,-0.0075159521528118,ridge,minimal,stable,none,False,5
2024-05-29,0.0005141773839632902,-0.0166603513681247,ridge,minimal,stable,none,False,5
2024-05-30,0.0006243402215511895,-0.0118085708522085,ridge,minimal,stable,none,False,5
2024-05-31,0.0006593481569806667,-0.0359786559283686,ridge,minimal,stable,none,False,5
2024-06-03,0.0003988180144789787,-0.0130692698026061,ridge,minimal,stable,none,False,5
2024-06-04,0.0002530857467370223,0.0111945350829245,ridge,minimal,stable,none,False,5
2024-06-05,0.0002765792903465839,0.0199811443638633,ridge,minimal,stable,none,False,5
2024-06-06,0.00037538843169394306,-0.0002647818881917,ridge,minimal,stable,none,False,5
2024-06-07,0.00032924801700971577,0.0292598850812959,ridge,minimal,stable,none,False,5
2024-06-10,0.0005141008676524044,0.0020581896900713,ridge,minimal,stable,none,False,5
2024-06-11,0.0005862228479454848,0.0077021625464508,ridge,minimal,stable,none,False,5
2024-06-12,0.0007864738154375622,0.0015286974086883,ridge,minimal,stable,none,False,5
2024-06-13,0.0006591994277341371,-0.0021623733452137,ridge,minimal,stable,none,False,5
2024-06-14,0.0007154295669958028,0.0239643716500441,ridge,minimal,stable,none,False,5
2024-06-17,0.0006746892472118238,0.0154362982136788,ridge,minimal,stable,none,False,5
2024-06-18,0.0006700424454574187,0.0073556267790346,ridge,minimal,stable,none,False,5
2024-06-20,0.000768440509948741,-0.0175245812839258,ridge,minimal,stable,none,False,5
2024-06-21,0.00058604074127975,0.0111481959502119,ridge,minimal,stable,none,False,5
2024-06-24,0.0007971150538868397,-0.009800262762226,ridge,minimal,stable,none,False,5
2024-06-25,0.0007789640774980671,0.0008660112982619,ridge,minimal,stable,none,False,5
2024-06-26,0.0007675579774870805,0.0103831436594215,ridge,minimal,stable,none,False,5
2024-06-27,0.0009069829122661054,-0.002446745210044,ridge,minimal,stable,none,False,5
2024-06-28,0.0007846493897578059,0.0225655668044055,ridge,minimal,stable,none,False,5
2024-07-01,0.000858743177502917,-0.0068361683089507,ridge,minimal,stable,none,False,5
2024-07-02,0.0007872654800775852,0.0129211414849652,ridge,minimal,stable,none,False,5
2024-07-03,0.0008850861186557246,-0.0085836148650952,ridge,minimal,stable,none,False,5
2024-07-05,0.000740692241897099,-0.0099807815596918,ridge,minimal,stable,none,False,5
2024-07-08,0.0006974793767350047,-0.0111745189904549,ridge,minimal,stable,none,False,5
2024-07-09,0.0005429213758297555,0.0084755531381073,ridge,minimal,stable,none,False,5
2024-07-10,0.0006214594472624599,0.0063337914997019,ridge,minimal,stable,none,False,5
2024-07-11,0.000546166858785197,-0.0049625229784483,ridge,minimal,stable,none,False,5
2024-07-12,0.0004755748734826566,-0.0036491354543749,ridge,minimal,stable,none,False,5
2024-07-15,0.00040325318581652147,-0.0140398177812667,ridge,minimal,stable,none,False,5
2024-07-16,0.00042391942950754767,0.0258791020629878,ridge,minimal,stable,none,False,5
2024-07-17,0.0005938505594416195,-0.0003620854538246,ridge,minimal,stable,none,False,5
2024-07-18,0.000505718453403873,-0.0324801068741655,ridge,minimal,stable,none,False,5
2024-07-19,0.00039534735106186756,-0.0043678832661655,ridge,minimal,stable,none,False,5
2024-07-22,0.000368968043400733,-0.0353472015288626,ridge,minimal,stable,none,False,5
2024-07-23,0.00015213617997649162,0.0081860350950169,ridge,minimal,stable,none,False,5
2024-07-24,9.794304277343404e-05,0.0088929304546092,ridge,minimal,stable,none,False,5
2024-07-25,8.899037690795213e-05,-0.0143075515412975,ridge,minimal,stable,none,False,5
2024-07-26,6.886918434733835e-05,-0.0174961902467944,ridge,minimal,stable,none,False,5
2024-07-29,-6.26381806023155e-05,-0.0142460656435904,ridge,minimal,stable,none,False,5
2024-07-30,-0.00014300195261197126,0.0425531936615486,ridge,minimal,stable,none,False,5
2024-07-31,-3.3179757695865416e-05,-0.0205365938686737,ridge,minimal,stable,none,False,5
2024-08-01,-9.744412463352278e-05,-0.0365614074798662,ridge,minimal,stable,none,False,5
2024-08-02,-0.011567417923512752,-0.0078889312859463,ridge,full,transitioning,geopolitical_escalation,True,16
2024-08-05,-0.030117141380044572,0.0035644981921243,ridge,full,transitioning,geopolitical_escalation,True,16
2024-08-06,-0.01108451471675154,0.0277323291437672,ridge,full,transitioning,geopolitical_escalation,True,16
2024-08-07,-0.006950863851487889,0.0127608539363992,ridge,full,transitioning,geopolitical_escalation,True,16
2024-08-08,-0.004133366301231338,0.0085312229381309,ridge,full,transitioning,geopolitical_escalation,True,16
2024-08-09,-0.002603986078876186,0.0419052755617495,ridge,full,transitioning,geopolitical_escalation,True,16
2024-08-12,-0.0009531162363763529,-0.021358969980247,ridge,full,transitioning,geopolitical_escalation,True,16
2024-08-13,-0.0005629180809434281,-0.0174855793729211,ridge,full,transitioning,geopolitical_escalation,True,16
2024-08-14,-0.00019317426584816721,0.0153286600898738,ridge,full,transitioning,geopolitical_escalation,True,16
2024-08-15,0.0002497221091452284,-0.0193193713597852,ridge,full,transitioning,geopolitical_escalation,True,16
2024-08-16,2.4943608818017262e-05,-0.0297455803510596,ridge,minimal,stable,none,False,5
2024-08-19,0.0009564086869631519,-0.004437297550992,ridge,full,transitioning,geopolitical_escalation,True,16
2024-08-20,-0.00019983163758953586,-0.02849811702135,ridge,minimal,stable,none,False,5
2024-08-21,-0.00028917615068924877,0.0150146229177337,ridge,minimal,stable,none,False,5
2024-08-22,-0.00021173286158099688,0.0249280871328869,ridge,minimal,stable,none,False,5
2024-08-23,-4.1118363002025366e-05,0.0346117369305711,ridge,minimal,stable,none,False,5
2024-08-26,8.46656968677025e-05,-0.0244122892579266,ridge,minimal,stable,none,False,5
2024-08-27,0.0021115440795510115,-0.0133721984980001,ridge,full,transitioning,geopolitical_escalation,True,16
2024-08-28,-0.00011647150160071961,0.0186528057120127,ridge,minimal,stable,none,False,5
2024-08-29,-8.93401478327168e-05,-0.031089454571184,ridge,minimal,stable,none,False,5
2024-08-30,-0.00024109519025993534,-0.0436438692138227,ridge,minimal,stable,none,False,5
2024-09-03,-0.0005105492288715745,-0.0162069867642905,ridge,minimal,stable,none,False,5
2024-09-04,-0.0006594579422538494,-0.0007224772336431,ridge,minimal,stable,none,False,5
2024-09-05,-0.0007184888564933737,-0.0214027957234348,ridge,minimal,stable,none,False,5
2024-09-06,-0.0008457648955828193,0.0153687149943593,ridge,minimal,stable,none,False,5
2024-09-09,-0.0007520662586401784,-0.0430795972043837,ridge,minimal,stable,none,False,5
2024-09-10,-0.0009535561067989874,0.0237261986097909,ridge,minimal,stable,none,False,5
2024-09-11,-0.0008500233930545923,0.0246620668893107,ridge,minimal,stable,none,False,5
2024-09-12,-0.0008215571738629712,-0.0046396939127233,ridge,minimal,stable,none,False,5
2024-09-13,-0.0008312287326007222,0.0209758890022586,ridge,minimal,stable,none,False,5
2024-09-16,-0.0008191395297567552,0.0156941954770934,ridge,minimal,stable,none,False,5
2024-09-17,-0.0007828415807940445,-0.0039331193945011,ridge,minimal,stable,none,False,5
2024-09-18,-0.0008317951899494642,0.0146663831959232,ridge,minimal,stable,none,False,5
2024-09-19,-0.0007586522479238785,-0.0004169392712893,ridge,minimal,stable,none,False,5
2024-09-20,-0.0007207005148656473,-0.0215516610376188,ridge,minimal,stable,none,False,5
2024-09-23,-0.0007774294641289752,0.0169105409345677,ridge,minimal,stable,none,False,5
2024-09-24,-0.0007264852611332448,-0.0261318499299323,ridge,minimal,stable,none,False,5
2024-09-25,-0.0008148571020415137,-0.0289855675376007,ridge,minimal,stable,none,False,5
2024-09-26,-0.0009604199534132596,0.0075366063252608,ridge,minimal,stable,none,False,5
2024-09-27,-0.0010728629246932317,-0.0001467019094412,ridge,minimal,stable,none,False,5
2024-09-30,-0.0009926566122250495,0.0243509418614826,ridge,minimal,stable,none,False,5
2024-10-01,-0.0008577117215934224,0.0038664848344072,ridge,minimal,stable,none,False,5
2024-10-02,-0.0007574835794153773,0.0514978700275474,ridge,minimal,stable,none,False,5
2024-10-03,-0.0005699037185975768,0.0090896510279085,ridge,minimal,stable,none,False,5
2024-10-04,-0.0003152292806375986,0.0371067792168229,ridge,minimal,stable,none,False,5
2024-10-07,-7.730298925381175e-05,-0.0462794882430772,ridge,minimal,stable,none,False,5
2024-10-08,-0.00028246523673130093,-0.0044855488979688,ridge,minimal,stable,none,False,5
2024-10-09,-0.0004708200381249219,0.0356362737094326,ridge,minimal,stable,none,False,5
2024-10-10,-0.0003090389534553389,-0.0038233476778023,ridge,minimal,stable,none,False,5
2024-10-11,-0.00021205589361781806,-0.0228956562127667,ridge,minimal,stable,none,False,5
2024-10-14,-0.00027539696747941295,-0.0440200449600012,ridge,minimal,stable,none,False,5
2024-10-15,-0.000480056797610616,-0.0026920152518705,ridge,full,transitioning,geopolitical_escalation,True,16
2024-10-16,-0.00022305779215493066,0.003977820453541,ridge,full,transitioning,geopolitical_escalation,True,16
2024-10-17,-0.000216573421795839,-0.020517857447453,ridge,full,transitioning,geopolitical_escalation,True,16
2024-10-18,-0.0005327217215606098,0.0193585136414278,ridge,full,transitioning,geopolitical_escalation,True,16
2024-10-21,-0.0008355977906227344,0.0216836569194371,ridge,full,transitioning,geopolitical_escalation,True,16
2024-10-22,-0.000472000238679271,-0.0183104419736309,ridge,full,transitioning,geopolitical_escalation,True,16
2024-10-23,-0.00033921585155595457,-0.0081954815482809,ridge,full,transitioning,policy_shift,True,16
2024-10-24,7.204638877147951e-05,0.0226527465819357,ridge,full,transitioning,geopolitical_escalation,True,16
2024-10-25,5.370369029887578e-06,-0.0612984341140442,ridge,full,transitioning,geopolitical_escalation,True,16
2024-10-28,-0.0010234255614677903,-0.0025229767865074,ridge,full,transitioning,geopolitical_escalation,True,16
2024-10-29,-0.0014961478643056164,0.0208302565830913,ridge,full,transitioning,geopolitical_escalation,True,16
2024-10-30,-0.0005743252511718269,0.0094738597886099,ridge,full,transitioning,geopolitical_escalation,True,16
2024-10-31,-0.0004405096473576453,0.0033207583084775,ridge,full,transitioning,geopolitical_escalation,True,16
2024-11-01,-0.0003258585930736198,0.02849335757378,ridge,full,transitioning,geopolitical_escalation,True,16
2024-11-04,0.00019674654422185966,0.0072757329534756,ridge,full,transitioning,geopolitical_escalation,True,16
2024-11-05,-0.00026018806765175714,-0.0041671819872947,ridge,minimal,stable,none,False,5
2024-11-06,-0.00029351281833094425,0.0093457685329683,ridge,minimal,stable,none,False,5
2024-11-07,-8.657145017669073e-05,-0.0273632302409121,ridge,minimal,stable,none,False,5
2024-11-08,-8.871826660148892e-05,-0.0332480311055565,ridge,minimal,stable,none,False,5
2024-11-11,-0.00024351438645374762,0.0011758058491799,ridge,minimal,stable,none,False,5
2024-11-12,-0.00031135494954929825,0.0045507566954599,ridge,minimal,stable,none,False,5
2024-11-13,-0.00034866661698857625,0.0039455888040671,ridge,minimal,stable,none,False,5
2024-11-14,-0.00033335653774221337,-0.0244541540000573,ridge,minimal,stable,none,False,5
2024-11-15,-0.00035004491504946094,0.0319308732651864,ridge,minimal,stable,none,False,5
2024-11-18,-2.4901092355455017e-05,0.0033255597941077,ridge,minimal,stable,none,False,5
2024-11-19,-0.0001815937098834644,-0.0074938268862988,ridge,minimal,stable,none,False,5
2024-11-20,-0.00029699196038734336,0.0178596729851314,ridge,minimal,stable,none,False,5
2024-11-21,-0.00023677535758596127,0.0162624738154493,ridge,minimal,stable,none,False,5
2024-11-22,-0.00013805090213395973,-0.0322851697267243,ridge,minimal,stable,none,False,5
2024-11-25,-0.00018804019800789277,-0.0024659964073011,ridge,minimal,stable,none,False,5
2024-11-26,-0.00015723716100983796,-0.0007269946895994,ridge,minimal,stable,none,False,5
2024-11-27,-0.0002454956875363877,-0.0104773167624189,ridge,minimal,stable,none,False,5
2024-11-29,-0.00036146305673124185,0.0014705657958984,ridge,minimal,stable,none,False,5
2024-12-02,-0.0002598471734468705,0.0270191484363158,ridge,minimal,stable,none,False,5
2024-12-03,-5.0247886407025154e-05,-0.0200171786818535,ridge,minimal,stable,none,False,5
2024-12-04,-7.742819072038056e-05,-0.0035015736878282,ridge,minimal,stable,none,False,5
2024-12-05,-4.8901560627280505e-05,-0.0161055059204322,ridge,minimal,stable,none,False,5
2024-12-06,4.4920244251239294e-05,0.017410801361211,ridge,minimal,stable,none,False,5
2024-12-09,0.00011905761947613855,0.0032176917137771,ridge,minimal,stable,none,False,5
2024-12-10,1.8158103999138777e-05,0.0247850221373695,ridge,minimal,stable,none,False,5
2024-12-11,0.00011734416974836999,-0.0038412899266486,ridge,minimal,stable,none,False,5
2024-12-12,0.00024939268388075685,0.0181377368373052,ridge,minimal,stable,none,False,5
2024-12-13,0.0002746139517060753,-0.0081358089999457,ridge,minimal,stable,none,False,5
2024-12-16,0.00011768717447341752,-0.0089095921591704,ridge,minimal,stable,none,False,5
2024-12-17,9.416338792620793e-05,0.0071347030099311,ridge,minimal,stable,none,False,5
2024-12-18,-0.0006773317183247666,-0.0094927479677467,ridge,full,transitioning,geopolitical_escalation,True,16
2024-12-19,-0.0014091546942246128,-0.0064369125170081,ridge,full,transitioning,geopolitical_escalation,True,16
2024-12-20,-0.0014725810467479698,-0.0031673081428574,ridge,full,transitioning,geopolitical_escalation,True,16
2024-12-23,-0.0015344297621791604,0.0124205753449562,ridge,full,transitioning,geopolitical_escalation,True,16
2024-12-24,-0.0009964759125145064,-0.0068473001139403,ridge,full,transitioning,geopolitical_escalation,True,16
2024-12-26,-0.001349396343897889,0.0140763528997012,ridge,full,transitioning,geopolitical_escalation,True,16
2024-12-27,-0.0007900593782062728,0.0055240707942989,ridge,full,transitioning,geopolitical_escalation,True,16
2024-12-30,-0.0002405623119965403,0.0102831860670635,ridge,full,transitioning,geopolitical_escalation,True,16
2024-12-31,0.00016969667395618664,0.0196597324137779,ridge,minimal,stable,none,False,5
2025-01-02,0.0003159023663803318,0.0113496767705114,ridge,minimal,stable,none,False,5
2025-01-03,0.0008606784739755742,-0.0054083495244781,ridge,full,transitioning,geopolitical_escalation,True,16
2025-01-06,0.00023735007301072024,0.0093801313799206,ridge,minimal,stable,none,False,5
2025-01-07,0.0001854373485781941,-0.012525256635364,ridge,minimal,stable,none,False,5
2025-01-08,0.0002981234484586831,0.0081832852784837,ridge,minimal,stable,none,False,5
2025-01-09,0.00025039116185896534,0.0358495886298899,ridge,minimal,stable,none,False,5
2025-01-10,0.00043766972121196245,0.0293848767006341,ridge,minimal,stable,none,False,5
2025-01-13,0.0005206682102784721,-0.0167470147162522,ridge,minimal,stable,none,False,5
2025-01-14,0.00041762948492268576,0.0327742053616431,ridge,minimal,stable,none,False,5
2025-01-15,0.0005636846672591094,-0.0169915116791025,ridge,minimal,stable,none,False,5
2025-01-16,0.0004826314207293178,-0.0101678069224052,ridge,minimal,stable,none,False,5
2025-01-17,0.00036604275035595393,-0.0255521049557072,ridge,minimal,stable,none,False,5
2025-01-21,0.0002936604870778781,-0.0059295948328017,ridge,minimal,stable,none,False,5
2025-01-22,0.00018008179317464162,-0.01086956082035,ridge,minimal,stable,none,False,5
2025-01-23,0.00017588890552166876,0.000536061566001,ridge,minimal,stable,none,False,5
2025-01-24,0.00014423348092566093,-0.0199572116270904,ridge,minimal,stable,none,False,5
2025-01-27,-5.69906645363432e-05,0.0082000613521369,ridge,minimal,stable,none,False,5
2025-01-28,-5.56345924225911e-05,-0.0155889107877905,ridge,minimal,stable,none,False,5
2025-01-29,-5.87364009700739e-05,0.0015147425804351,ridge,minimal,stable,none,False,5
2025-01-30,-0.00010260019087630303,-0.0027499596920842,ridge,minimal,stable,none,False,5
2025-01-31,-1.7127444507502462e-05,0.0086861284077717,ridge,minimal,stable,none,False,5
2025-02-03,0.00012663106325657973,-0.0062876803012713,ridge,minimal,stable,none,False,5
2025-02-04,0.00018185320284071037,-0.0229710899456329,ridge,minimal,stable,none,False,5
2025-02-05,6.539483305968271e-05,-0.0059129688323706,ridge,minimal,stable,none,False,5
2025-02-06,1.1342317261423415e-05,0.0055232882917048,ridge,minimal,stable,none,False,5
2025-02-07,3.2477362541087953e-06,0.0185915449975242,ridge,minimal,stable,none,False,5
2025-02-10,-4.894081764275055e-05,0.0138274336866675,ridge,minimal,stable,none,False,5
2025-02-11,-2.622098488202967e-05,-0.0265957031691018,ridge,minimal,stable,none,False,5
2025-02-12,-0.0001355646506508498,-0.0011209447663713,ridge,minimal,stable,none,False,5
2025-02-13,-0.00018882634014470343,-0.0077150097446276,ridge,minimal,stable,none,False,5
2025-02-14,-0.0001593430904198254,0.0156912728848139,ridge,minimal,stable,none,False,5
2025-02-18,-0.00016612392299268086,0.00556717514786,ridge,minimal,stable,none,False,5
2025-02-19,-0.00020530999261098658,0.0044290615200583,ridge,minimal,stable,none,False,5
2025-02-20,-0.00013497875080446863,-0.029902138322595,ridge,minimal,stable,none,False,5
2025-02-21,-0.0002416314654816178,0.0042612985207537,ridge,minimal,stable,none,False,5
2025-02-24,-0.00025863312498388037,-0.0250353142781912,ridge,minimal,stable,none,False,5
2025-02-25,-0.000252851100541102,-0.0044972806792584,ridge,minimal,stable,none,False,5
2025-02-26,-0.000324401134647674,0.0252112453846444,ridge,minimal,stable,none,False,5
2025-02-27,-0.0002935845656207324,-0.0083865863637176,ridge,minimal,stable,none,False,5
2025-02-28,-0.0003079345007761898,-0.0199254493561221,ridge,minimal,stable,none,False,5
2025-03-03,-0.0003730111765577429,-0.0016089016517856,ridge,minimal,stable,none,False,5
2025-03-04,-0.00046686615840572666,-0.0285673090625602,ridge,minimal,stable,none,False,5
2025-03-05,-0.0005191754491866699,0.0007540801326924,ridge,minimal,stable,none,False,5
2025-03-06,-0.00048531330052230346,0.0102471413339575,ridge,minimal,stable,none,False,5
2025-03-07,-0.0004968941656637207,-0.0150656641175036,ridge,minimal,stable,none,False,5
2025-03-10,-0.0005438298488424045,0.003331837418905,ridge,minimal,stable,none,False,5
2025-03-11,-0.0004862006709795396,0.0215849102668042,ridge,minimal,stable,none,False,5
2025-03-12,-0.0003969722694609362,-0.0166961768369193,ridge,minimal,stable,none,False,5
2025-03-13,-0.00044265951075802873,0.0094665247863023,ridge,minimal,stable,none,False,5
2025-03-14,-0.0005160020337543693,0.0059541757079761,ridge,minimal,stable,none,False,5
2025-03-17,-0.00057191108862446,-0.0100621528078045,ridge,minimal,stable,none,False,5
2025-03-18,-0.0005978005505599768,0.0038864294514238,ridge,minimal,stable,none,False,5
2025-03-19,-0.0006665099879275496,0.0163787732897593,ridge,minimal,stable,none,False,5
2025-03-20,-0.0006373309876787723,0.0002929481752211,ridge,minimal,stable,none,False,5
2025-03-21,-0.0005500589547968168,0.0121558559738339,ridge,minimal,stable,none,False,5
2025-03-24,-0.00047252882218765406,-0.0015916742783979,ridge,minimal,stable,none,False,5
2025-03-25,-0.00045835675378960597,0.0094203119692595,ridge,minimal,stable,none,False,5
2025-03-26,-0.00048397980754925056,0.0038764772024604,ridge,minimal,stable,none,False,5
2025-03-27,-0.00045479149056834714,-0.0080091186106819,ridge,minimal,stable,none,False,5
2025-03-28,-0.0004716168961260918,0.0305652065733348,ridge,minimal,stable,none,False,5
2025-03-31,-0.0004396954453731794,-0.0039172691038247,ridge,minimal,stable,none,False,5
2025-04-01,-0.00048222583968532797,0.0071629516585682,ridge,minimal,stable,none,False,5
2025-04-02,-0.0005191328713580752,-0.0663784994701129,ridge,minimal,stable,none,False,5
2025-04-03,-0.0007987012826259387,-0.0740850708867078,ridge,minimal,stable,none,False,5
2025-04-04,-0.004638606631090086,-0.0208098222390505,ridge,full,transitioning,demand_shock,True,16
2025-04-07,-0.008011432116159817,-0.0184513825009469,ridge,full,transitioning,policy_shift,True,16
2025-04-08,-0.0114551554458214,0.0464920536746713,ridge,full,transitioning,demand_shock,True,16
2025-04-09,-0.0010796310388519817,-0.0365677439469899,ridge,full,transitioning,geopolitical_escalation,True,16
2025-04-10,-0.0032705699270356194,0.0238055653810664,ridge,full,transitioning,demand_shock,True,16
2025-04-11,-0.0013911306152852437,0.0004877850292175,ridge,full,transitioning,geopolitical_escalation,True,16
2025-04-14,-0.001507247945925442,-0.0032503974030547,ridge,full,transitioning,geopolitical_escalation,True,16
2025-04-15,-0.001507132162440871,0.0185879562304398,ridge,full,transitioning,geopolitical_escalation,True,16
2025-04-16,-0.0008449874261523358,0.035376965604096,ridge,full,transitioning,geopolitical_escalation,True,16
2025-04-17,0.00041600653280508045,-0.0247371438863932,ridge,full,transitioning,geopolitical_escalation,True,16
2025-04-21,-0.00038297960849555807,0.0194989805300469,ridge,full,transitioning,policy_shift,True,16
2025-04-22,0.0003347078857300753,-0.0317213058354015,ridge,full,transitioning,policy_shift,True,16
2025-04-23,-0.0007792505091543771,0.0083507379788181,ridge,full,transitioning,policy_shift,True,16
2025-04-24,-0.0008581982558779309,0.0036629963192029,ridge,full,transitioning,demand_shock,True,16
2025-04-25,-0.0007537431029745866,-0.0153919583252498,ridge,full,transitioning,geopolitical_escalation,True,16
2025-04-28,-0.0011408400661409787,-0.02626915532888,ridge,full,transitioning,geopolitical_escalation,True,16
2025-04-29,-0.0018722742399606383,-0.0365772782430925,ridge,full,transitioning,geopolitical_escalation,True,16
2025-04-30,-0.0026359511175117825,0.0176945990412993,ridge,full,transitioning,demand_shock,True,16
2025-05-01,-0.0020388323763320462,-0.0160364742745233,ridge,full,transitioning,geopolitical_escalation,True,16
2025-05-02,-0.002315695880466387,-0.0199004945821352,ridge,full,transitioning,geopolitical_escalation,True,16
2025-05-05,-0.0010830121648323504,0.0343077025700695,ridge,minimal,stable,none,False,5
2025-05-06,-0.0020434639682527025,-0.0172618117300681,ridge,full,transitioning,geopolitical_escalation,True,16
2025-05-07,-0.0023683130045450904,0.0316858991261865,ridge,full,transitioning,geopolitical_escalation,True,16
2025-05-08,-0.0008630228730950097,0.0185278019225285,ridge,minimal,stable,none,False,5
2025-05-09,-0.0008247481984203569,0.0152409095083423,ridge,minimal,stable,none,False,5
2025-05-12,-0.0007714007863108346,0.0277642838550991,ridge,minimal,stable,none,False,5
2025-05-13,-0.0006171241555204494,-0.0081670591804733,ridge,minimal,stable,none,False,5
2025-05-14,-0.0006899370545358276,-0.0242280689948541,ridge,minimal,stable,none,False,5
2025-05-15,-0.0007339126245038348,0.0141188374174388,ridge,minimal,stable,none,False,5
2025-05-16,-0.0007099865828163367,0.0032004631600306,ridge,minimal,stable,none,False,5
2025-05-19,-0.0007235075837675524,-0.0020736521975704,ridge,minimal,stable,none,False,5
2025-05-20,-0.0007719990610872466,-0.0158248346664753,ridge,minimal,stable,none,False,5
2025-05-21,-0.0008245516102187155,-0.006009402853966,ridge,minimal,stable,none,False,5
2025-05-22,-0.0008212524889441234,0.0053921243830645,ridge,minimal,stable,none,False,5
2025-05-23,-0.000715644207119161,-0.0104014204834306,ridge,minimal,stable,none,False,5
2025-05-27,-0.0007190630229954472,0.0156019177609147,ridge,minimal,stable,none,False,5
2025-05-28,-0.0007019239639159229,-0.0145537115727391,ridge,minimal,stable,none,False,5
2025-05-29,-0.0008675015337322046,-0.0024613999764007,ridge,minimal,stable,none,False,5
2025-05-30,-0.0008457949410620169,0.0284586201049792,ridge,minimal,stable,none,False,5
2025-06-02,-0.0002561272437902676,0.0142354347909785,ridge,full,transitioning,geopolitical_escalation,True,16
2025-06-03,0.00018827386768558666,-0.0088314362819521,ridge,full,transitioning,geopolitical_escalation,True,16
2025-06-04,-0.00045667082619047026,0.0082736749465122,ridge,minimal,stable,none,False,5
2025-06-05,0.0004593010774813981,0.0190942546877825,ridge,full,transitioning,geopolitical_escalation,True,16
2025-06-06,0.0010122845138768946,0.0109941013369752,ridge,full,transitioning,geopolitical_escalation,True,16
2025-06-09,0.0019125337423601752,-0.0047480097143025,ridge,full,transitioning,geopolitical_escalation,True,16
2025-06-10,0.0018208113880459197,0.0487842106060318,ridge,full,transitioning,geopolitical_escalation,True,16
2025-06-11,0.003722890508886415,-0.0016140954935971,ridge,full,transitioning,geopolitical_escalation,True,16
2025-06-12,0.0034077603052408752,0.0726043852871098,ridge,full,transitioning,geopolitical_escalation,True,16
2025-06-13,0.007048633442733564,-0.0165799761333147,ridge,full,transitioning,geopolitical_escalation,True,16
2025-06-16,-0.000147036236582535,0.0427755307011123,ridge,minimal,stable,none,False,5
2025-06-17,3.342907812072409e-05,0.0040085925499426,ridge,minimal,stable,none,False,5
2025-06-18,-4.824498383784673e-05,-0.002794770910014,ridge,minimal,stable,none,False,5
2025-06-20,-0.00011672133612194841,-0.0856799431842769,ridge,minimal,stable,none,False,5
2025-06-23,-0.0054993196405047975,-0.0604291236397299,ridge,full,transitioning,demand_shock,True,16
2025-06-24,-0.004831058986388751,0.0085442814804366,ridge,full,transitioning,demand_shock,True,16
2025-06-25,-0.004609302243916456,0.0049291389995338,ridge,full,transitioning,geopolitical_escalation,True,16
2025-06-26,-0.003560602259375611,0.0042918269231331,ridge,full,transitioning,geopolitical_escalation,True,16
2025-06-27,-0.003008884183419592,-0.0062575710274892,ridge,full,transitioning,geopolitical_escalation,True,16
2025-06-30,-0.0023844924156438546,0.0052218758209714,ridge,full,transitioning,geopolitical_escalation,True,16
2025-07-01,-0.0020352461039498705,0.0305576790413237,ridge,full,transitioning,geopolitical_escalation,True,16
2025-07-02,-0.0007034179642314217,-0.0066715636560739,ridge,full,transitioning,geopolitical_escalation,True,16
2025-07-03,-0.00044347174249323093,-0.0074626865671642,ridge,full,transitioning,geopolitical_escalation,True,16
2025-07-04,0.023934146617938315,0.0215037639876056,ridge,full,transitioning,geopolitical_escalation,True,16
2025-07-07,0.00034574316585180356,0.005888436980449,ridge,full,transitioning,geopolitical_escalation,True,16
2025-07-08,0.000980254272821085,0.0007316759991737,ridge,full,transitioning,geopolitical_escalation,True,16
2025-07-09,0.001580213921675306,-0.0264696933503207,ridge,full,transitioning,geopolitical_escalation,True,16
2025-07-10,0.0012332359577235733,0.028240908247505,ridge,full,transitioning,geopolitical_escalation,True,16
2025-07-11,0.001964581530236039,-0.0214754369152143,ridge,full,transitioning,geopolitical_escalation,True,16
2025-07-14,0.0011247892547860128,-0.0068678216006623,ridge,full,transitioning,geopolitical_escalation,True,16
2025-07-15,0.0009379754290008632,-0.0021046211171603,ridge,full,transitioning,geopolitical_escalation,True,16
2025-07-16,0.000978131183021383,0.017475199007328,ridge,full,transitioning,geopolitical_escalation,True,16
2025-07-17,0.0012434580118662747,-0.0029612759094698,ridge,full,transitioning,geopolitical_escalation,True,16
2025-07-18,0.0013524951241020398,-0.0020789931283329,ridge,full,transitioning,geopolitical_escalation,True,16
2025-07-21,-0.000456390967491777,-0.0147321117370292,ridge,minimal,stable,none,False,5
2025-07-22,-0.0004989718100713724,-0.0144993067172204,ridge,minimal,stable,none,False,5
2025-07-23,-0.0004163495706637363,0.0119540042804118,ridge,minimal,stable,none,False,5
2025-07-24,-0.0004018747930414174,-0.0131757554637466,ridge,minimal,stable,none,False,5
2025-07-25,-0.0004882669963735461,0.023787528165297,ridge,minimal,stable,none,False,5
2025-07-28,-0.00033668271733307937,0.0374756413477734,ridge,minimal,stable,none,False,5
2025-07-29,-0.00011641049592846101,0.0114145488509995,ridge,minimal,stable,none,False,5
2025-07-30,-1.2879852135732309e-05,-0.0105713980538504,ridge,minimal,stable,none,False,5
2025-07-31,-0.0002301049145528712,-0.0278660156749573,ridge,minimal,stable,none,False,5
2025-08-01,-0.00025868948672822304,-0.0154463224007764,ridge,minimal,stable,none,False,5
2025-08-04,-0.00017794197804520877,-0.017046269992633,ridge,minimal,stable,none,False,5
2025-08-05,-0.00021250812878466816,-0.0124310181470922,ridge,minimal,stable,none,False,5
2025-08-06,-0.0002729334358414635,-0.0073037671662863,ridge,minimal,stable,none,False,5
2025-08-07,-0.000411689803381865,0.0,ridge,minimal,stable,none,False,5
2025-08-08,-0.00045942670666191017,0.001252317079208,ridge,minimal,stable,none,False,5
2025-08-11,-0.0004902931010411638,-0.0123514841594037,ridge,minimal,stable,none,False,5
2025-08-12,-0.0007062230131778756,-0.0082317026775226,ridge,minimal,stable,none,False,5
2025-08-13,-0.0006553003136721328,0.0209097769622979,ridge,minimal,stable,none,False,5
2025-08-14,-0.0005022688354423499,-0.0181363330834336,ridge,minimal,stable,none,False,5
2025-08-15,-0.0006317431178034517,0.009872594576703,ridge,minimal,stable,none,False,5
2025-08-18,-0.0005203954675071278,-0.0168716449971164,ridge,minimal,stable,none,False,5
2025-08-19,-0.00046626187683139215,0.0137931135749507,ridge,minimal,stable,none,False,5
2025-08-20,-0.0003957463689779434,0.0049043090931979,ridge,minimal,stable,none,False,5
2025-08-21,-0.0002637004849778481,0.0022040206020075,ridge,minimal,stable,none,False,5
2025-08-22,-0.0003121913006988047,0.0179076846854884,ridge,minimal,stable,none,False,5
2025-08-25,-0.0003436248057371273,-0.0239197990549441,ridge,minimal,stable,none,False,5
2025-08-26,-0.0005709283708507343,0.0142292731364253,ridge,minimal,stable,none,False,5
2025-08-27,-0.0004245497494772498,0.0070147613022371,ridge,minimal,stable,none,False,5
2025-08-28,-0.00034127279289339265,-0.0091330704617118,ridge,minimal,stable,none,False,5
2025-08-29,-0.0004478668695582637,0.0246835517720731,ridge,minimal,stable,none,False,5
2025-09-02,-0.000232917815890222,-0.024698813960013,ridge,minimal,stable,none,False,5
2025-09-03,-0.00014850255790409053,-0.007659866642432,ridge,minimal,stable,none,False,5
2025-09-04,-0.00012457668139725724,-0.025362328638335,ridge,minimal,stable,none,False,5
2025-09-05,-0.0002205331184104225,0.0063035299237326,ridge,minimal,stable,none,False,5
2025-09-08,-0.00010838169373123246,0.0059428647053796,ridge,minimal,stable,none,False,5
2025-09-09,-0.00014696788369367942,0.0166054140682354,ridge,minimal,stable,none,False,5
2025-09-10,9.736438242943876e-05,-0.0204177677783351,ridge,minimal,stable,none,False,5
2025-09-11,-8.327022887641021e-05,0.0051306669922135,ridge,minimal,stable,none,False,5
2025-09-12,-0.0001629710985051396,0.0097304294738278,ridge,minimal,stable,none,False,5
2025-09-15,-0.00010360518891018979,0.0192732609906822,ridge,minimal,stable,none,False,5
2025-09-16,-0.00011158728943340094,-0.0072844639764733,ridge,minimal,stable,none,False,5
2025-09-17,-0.00020024911101237106,-0.0074941972531322,ridge,minimal,stable,none,False,5
2025-09-18,-0.0002162821823443857,-0.0140003050797702,ridge,minimal,stable,none,False,5
2025-09-19,-0.0003297426555219543,-0.0006381766964356,ridge,minimal,stable,none,False,5
2025-09-22,-0.00033260027034998936,0.0122924723062962,ridge,minimal,stable,none,False,5
2025-09-23,-0.0001972974338596839,0.0249171742652496,ridge,minimal,stable,none,False,5
2025-09-24,-0.00016365328729000723,-0.0001537853079621,ridge,minimal,stable,none,False,5
2025-09-25,-5.793585226963743e-05,0.0113880859578405,ridge,minimal,stable,none,False,5
2025-09-26,9.688867046106073e-05,-0.0345404810651247,ridge,minimal,stable,none,False,5
2025-09-29,-6.908583827129273e-05,-0.0170213052493058,ridge,minimal,stable,none,False,5
2025-09-30,-0.00014219485695901813,-0.0094596787348391,ridge,minimal,stable,none,False,5
2025-10-01,-0.0002700900011655084,-0.021042396612934,ridge,minimal,stable,none,False,5
2025-10-02,-0.0003662568433904624,0.0066137818932945,ridge,minimal,stable,none,False,5
2025-10-03,-0.0005463901146701533,0.0133048216882829,ridge,minimal,stable,none,False,5
2025-10-06,-0.000525590844810593,0.0006484181620654,ridge,minimal,stable,none,False,5
2025-10-07,-0.0006731231563797275,0.0132836497797665,ridge,minimal,stable,none,False,5
2025-10-08,-0.00044110482946328397,-0.0166267134806158,ridge,minimal,stable,none,False,5
2025-10-09,-0.00048501251487666214,-0.0424320739209092,ridge,minimal,stable,none,False,5
2025-10-10,-0.0007998348752536695,0.0100169802598164,ridge,minimal,stable,none,False,5
2025-10-13,-0.000741936416134947,-0.0132795577952268,ridge,minimal,stable,none,False,5
2025-10-14,-0.0006966560001774732,-0.0073253884086363,ridge,minimal,stable,none,False,5
2025-10-15,-0.0005553187110140346,-0.0139008300485279,ridge,minimal,stable,none,False,5
2025-10-16,-0.0006005000623644927,0.0013923047742669,ridge,minimal,stable,none,False,5
2025-10-17,-0.0006116947882099442,-0.0003475922392325,ridge,minimal,stable,none,False,5
2025-10-20,-0.0005319641564586764,0.0052155638851365,ridge,minimal,stable,none,False,5
2025-10-21,-0.0005872284774797113,0.0117606417980775,ridge,minimal,stable,none,False,5
2025-10-22,-0.0006282269998365531,0.0562393318893563,ridge,minimal,stable,none,False,5
2025-10-23,-0.00032898808524322925,-0.0046933308177774,ridge,minimal,stable,none,False,5
2025-10-24,-0.0003091207001136113,-0.0030894085643736,ridge,minimal,stable,none,False,5
2025-10-27,-0.0004258745648655659,-0.0189202384835934,ridge,minimal,stable,none,False,5
2025-10-28,-0.0002543250429446451,0.005486251171838,ridge,minimal,stable,none,False,5
2025-10-29,-0.00022144416456104792,0.0014880977723064,ridge,minimal,stable,none,False,5
2025-10-30,-0.0002956717162257285,0.0067690250863108,ridge,minimal,stable,none,False,5
2025-10-31,-0.0003067121636711867,0.0011479123540454,ridge,minimal,stable,none,False,5
2025-11-03,-0.00031569452544878446,-0.0080261731350207,ridge,minimal,stable,none,False,5
2025-11-04,-0.0004612904802630804,-0.015852095069359,ridge,minimal,stable,none,False,5
2025-11-05,-0.0005556018547832992,-0.0028523183439195,ridge,minimal,stable,none,False,5
2025-11-06,-0.00055379187489107,0.0053844807871614,ridge,minimal,stable,none,False,5
2025-11-07,-0.0005616534200191357,0.0063598505123889,ridge,minimal,stable,none,False,5
2025-11-10,-0.0004276522600616438,0.0151338737942356,ridge,minimal,stable,none,False,5
2025-11-11,-0.00023548743882330508,-0.0417758715401964,ridge,minimal,stable,none,False,5
2025-11-12,-0.0004070178436318112,0.0034193356557179,ridge,minimal,stable,none,False,5
2025-11-13,-0.0004193731921296216,0.0238541754751684,ridge,minimal,stable,none,False,5
2025-11-14,-0.00033073023285579855,-0.0029955118109286,ridge,minimal,stable,none,False,5
2025-11-17,-0.00024390236732411128,0.0138541451038001,ridge,minimal,stable,none,False,5
2025-11-18,-0.00032262052349116326,-0.0214027496844584,ridge,minimal,stable,none,False,5
2025-11-19,-0.00041588177878196817,-0.0050470936068586,ridge,minimal,stable,none,False,5
2025-11-20,-0.00041206737000672086,-0.0182617184224466,ridge,minimal,stable,none,False,5
2025-11-21,-0.000551942107859206,0.0134343568867998,ridge,minimal,stable,none,False,5
2025-11-24,-0.000563727493035387,-0.0151257543735626,ridge,minimal,stable,none,False,5
2025-11-25,-0.0004924374588131579,0.0120793917812529,ridge,minimal,stable,none,False,5
2025-11-26,-0.00043609353730419894,-0.0017050688186979,ridge,minimal,stable,none,False,5
2025-11-28,-0.0004388220312280282,0.0131511608505074,ridge,minimal,stable,none,False,5
2025-12-01,-0.00034941003534336385,-0.0114632553721187,ridge,minimal,stable,none,False,5
2025-12-02,-0.0003975529622073454,0.0052865173348848,ridge,minimal,stable,none,False,5
2025-12-03,-0.0004884972074168123,0.0122136962966505,ridge,minimal,stable,none,False,5
2025-12-04,-0.00035486298269087285,0.0068711861017412,ridge,minimal,stable,none,False,5
2025-12-05,-0.000313892962256772,-0.0199733809315429,ridge,minimal,stable,none,False,5
2025-12-08,-0.0003314275439413205,-0.0106997462073143,ridge,minimal,stable,none,False,5
2025-12-09,-0.0004473169004968737,0.0036051344973846,ridge,minimal,stable,none,False,5
2025-12-10,-0.0004400115971418653,-0.0147109241159736,ridge,minimal,stable,none,False,5
2025-12-11,-0.000596446042172039,-0.0027777752022684,ridge,minimal,stable,none,False,5
2025-12-12,-0.0005956582224080131,-0.0107938535290367,ridge,minimal,stable,none,False,5
2025-12-15,-0.000707318158601794,-0.027279113787143,ridge,minimal,stable,none,False,5
2025-12-16,-0.0007836693754218853,0.0121222754368766,ridge,minimal,stable,none,False,5
2025-12-17,0.0034647314023043573,0.0037540740851869,ridge,full,transitioning,geopolitical_escalation,True,16
2025-12-18,0.003369728434785317,0.0090827837519853,ridge,full,transitioning,geopolitical_escalation,True,16
2025-12-19,0.004511392093230725,0.0238263056434291,ridge,full,transitioning,geopolitical_escalation,True,16
2025-12-22,0.0047567424043305625,0.0063782581845841,ridge,full,transitioning,geopolitical_escalation,True,16
2025-12-23,0.005047334231759117,-0.000513919038116,ridge,full,transitioning,geopolitical_escalation,True,16
2025-12-24,0.0047407074675414485,-0.0275920623437265,ridge,full,transitioning,geopolitical_escalation,True,16
2025-12-26,0.0038716346740273596,0.0236164982895379,ridge,full,transitioning,geopolitical_escalation,True,16
2025-12-29,0.0034841814722258464,-0.0022383103308671,ridge,full,transitioning,geopolitical_escalation,True,16
2025-12-30,0.0036340641035377047,-0.009145860000283,ridge,full,transitioning,geopolitical_escalation,True,16
2025-12-31,0.003245578384962173,-0.0017415269472296,ridge,full,transitioning,geopolitical_escalation,True,16
2026-01-02,0.0031773624287035843,0.017445917748152,ridge,full,transitioning,geopolitical_escalation,True,16
2026-01-05,0.004590368067326121,-0.0204046404824415,ridge,full,transitioning,geopolitical_escalation,True,16
2026-01-06,0.0034934359427994544,-0.0199544787035664,ridge,full,transitioning,geopolitical_escalation,True,16
2026-01-07,0.0024752049930040643,0.0316127270942221,ridge,full,transitioning,geopolitical_escalation,True,16
2026-01-08,0.003471722338962927,0.0235457176224422,ridge,full,transitioning,geopolitical_escalation,True,16
2026-01-09,0.003948565355058376,0.0064276230544768,ridge,full,transitioning,geopolitical_escalation,True,16
2026-01-12,0.003775991730340581,0.0277311180819983,ridge,full,transitioning,geopolitical_escalation,True,16
2026-01-13,0.0036900409603669547,0.0142272920715558,ridge,full,transitioning,geopolitical_escalation,True,16
2026-01-14,0.003173892367458974,-0.0456304709797922,ridge,full,transitioning,geopolitical_escalation,True,16
2026-01-15,0.0017425698407565332,0.0042236865315146,ridge,full,transitioning,geopolitical_escalation,True,16
2026-01-16,-0.0009231787710426582,0.015141344997853,ridge,minimal,stable,none,False,5
2026-01-20,-0.00081114520257168,0.0046403509875507,ridge,minimal,stable,none,False,5
2026-01-21,-0.0006905734760161053,-0.0207851920774362,ridge,minimal,stable,none,False,5
2026-01-22,-0.0007540799493431735,0.028807261908526,ridge,minimal,stable,none,False,5
2026-01-23,-0.0005985478193334884,-0.0072048244458444,ridge,minimal,stable,none,False,5
2026-01-26,-0.0006239142291397913,0.0290285055340164,ridge,minimal,stable,none,False,5
2026-01-27,-0.0004354870004568577,0.0131431271493211,ridge,minimal,stable,none,False,5
2026-01-28,-0.0004124319089457703,0.0349628083607349,ridge,minimal,stable,none,False,5
2026-01-29,-0.00021283400805394048,-0.0032100136097579,ridge,minimal,stable,none,False,5
2026-01-30,-0.00022922182633582878,-0.0470786648968873,ridge,minimal,stable,none,False,5
2026-02-02,0.0006231049593562257,0.0172191777491788,ridge,full,transitioning,geopolitical_escalation,True,16
2026-02-03,0.0006076409797997201,0.0305331487601601,ridge,full,transitioning,geopolitical_escalation,True,16
2026-02-04,-0.0002211795218748149,-0.0284003452787118,ridge,minimal,stable,none,False,5
2026-02-05,-0.0005979148444515137,0.0041080473656529,ridge,full,transitioning,geopolitical_escalation,True,16
2026-02-06,-0.0002138270291158613,0.0127458911568112,ridge,minimal,stable,none,False,5
2026-02-09,-0.00017611328381623894,-0.0062150640473203,ridge,minimal,stable,none,False,5
2026-02-10,-0.00027734252244213244,0.0104752685824844,ridge,minimal,stable,none,False,5
2026-02-11,-0.0002942646288856418,-0.027696072673675,ridge,minimal,stable,none,False,5
2026-02-12,-0.00029393261548425374,0.0007956594038691,ridge,minimal,stable,none,False,5
2026-02-13,-0.0002905598446274369,-0.0089043975835357,ridge,minimal,stable,none,False,5
2026-02-17,-0.00029140212787361595,0.0458848151184654,ridge,minimal,stable,none,False,5
2026-02-18,-0.00017254640027747345,0.0190212888070384,ridge,minimal,stable,none,False,5
2026-02-19,-0.00011719752985352757,-0.0006021513675084,ridge,minimal,stable,none,False,5
2026-02-20,-0.00013940133594713165,-0.0012050283444823,ridge,minimal,stable,none,False,5
2026-02-23,-2.9803433925943187e-05,-0.0102548684996544,ridge,minimal,stable,none,False,5
2026-02-24,-8.427776305375098e-05,-0.0031997423931283,ridge,minimal,stable,none,False,5
2026-02-25,2.4108742323190906e-07,-0.0032100136097579,ridge,minimal,stable,none,False,5
2026-02-26,7.683393214488886e-06,0.0277564420181801,ridge,minimal,stable,none,False,5
2026-02-27,2.012640638988621e-05,0.0628171728549726,ridge,minimal,stable,none,False,5
2026-03-02,0.002925719757287573,0.0467498812961379,ridge,full,transitioning,geopolitical_escalation,True,16
2026-03-03,0.0051819846735109976,0.0013412836211137,ridge,full,transitioning,geopolitical_escalation,True,16
2026-03-04,0.00526358022352684,0.0850522121973023,ridge,full,transitioning,geopolitical_escalation,True,16
2026-03-05,0.0075634433170990445,0.1220836826175726,ridge,full,transitioning,geopolitical_escalation,True,16
2026-03-06,0.01286762709328719,0.0425742029947682,ridge,full,transitioning,geopolitical_escalation,True,16
2026-03-09,0.013230274571325001,-0.1194470834209153,ridge,full,transitioning,geopolitical_escalation,True,16
2026-03-10,0.008375416882292867,0.0455362874862017,ridge,full,transitioning,geopolitical_escalation,True,16
2026-03-11,0.007832629010630837,0.0971920155522474,ridge,full,transitioning,geopolitical_escalation,True,16
2026-03-12,0.008925833199981956,0.0311291718692208,ridge,full,transitioning,geopolitical_escalation,True,16
